<?xml version="1.0" encoding="UTF-8"?>

<!DOCTYPE  mapper PUBLIC "-//mybatis.org//DTD Mapper 3.0//EN" "http://mybatis.org/dtd/mybatis-3-mapper.dtd">

<mapper namespace="inquiry">
	<insert id="insert" parameterType="hashMap" useGeneratedKeys="true" keyProperty="username" >
    	<![CDATA[
    	insert into inquiry
    	(username, name, phone, email, keyword, subject, content) 
    	values
    	(#{username}, #{name}, #{phone}, #{email}, #{keyword}, #{subject}, #{content})
    	]]>
	</insert>
	
	<select id="select_detail" parameterType="hashMap" resultType="hashMap">
    	<![CDATA[
        	select
        	name,
        	phone,
       	 	email,
       	 	keyword,
       	 	subject,
    		content,
 			register
        	from
        	inquiry
        	where
        	username=#{username}
    	]]>
	</select>
	
	<update id="update" parameterType="hashMap">  
		<![CDATA[  
			update
			inquiry
			set
			name=#{name},
			phone=#{phone},
			email=#{email},
			keyword=#{keyword},
			subject=#{subject},
			content=#{content}
			where
			username=#{username}
		]]>  
	</update>
	
	<delete id="delete" parameterType="hashMap">  
		<![CDATA[  
			delete
			from inquiry 
			where username=#{username}
		]]>  
	</delete>
</mapper>