<?xml version="1.0" encoding="UTF-8"?>
<!DOCTYPE  mapper PUBLIC "-//mybatis.org//DTD Mapper 3.0//EN" "http://mybatis.org/dtd/mybatis-3-mapper.dtd">
<mapper namespace="com.hellopet.web.mapper.UserMapper">

	<insert id="signUp" parameterType="User" useGeneratedKeys="true" keyProperty="id">
			INSERT INTO user(
				username,
				name,
				password,
				phoneNumber,
				email,
				recommendUserId,
				gender,
				birth,
				oauth
			)VALUES (
				#{username},
				#{name},
				#{password},
				#{phoneNumber},
				#{email},
				#{recommendUserId},
				#{gender},
				#{birth},
				#{oauth}
			);
	</insert>
	<select id="userCheck" parameterType="User" resultType="int">
		SELECT count(*) from User where username=#{username} and password=#{password}
	</select>
	<select id="userCheckByNameAndEmail" parameterType="User" resultType="User">
		SELECT * from User where name=#{name} and email=#{email}
	</select>
	<select id="userCheckByUsernameAndEmail" parameterType="User" resultType="User">
		SELECT * from User where username=#{username} and email=#{email}
	</select>
	<select id="userCheckByEmail" parameterType="String" resultType="User">
		SELECT * from User where email=#{email}
	</select>
	<update id="updateUser" parameterType="User">
		UPDATE 
			user 
		SET 
			email = #{email}
			, phoneNumber = #{phoneNumber} 
		WHERE 
			username = #{username}
	</update>
	<!-- 회원탈퇴 -->
	<delete id="deleteUser" parameterType="User">
		DELETE FROM user
		WHERE username = #{username}
	</delete>
</mapper>